 21706894 21507122 21712227; 21505186 21705472; 21712798 21000002; 20144769 21507151; 21502642 21708799
 21706894 21507122 21712227; 21505186 21705472; 21712798 21000002; 21502642 21708799; 20144769 21507151
 21706894 21507122 21712227; 21505186 21705472; 21712798 21708799; 20144769 21000002; 21502642 21507151
 21706894 21507122 21712227; 21505186 21705472; 21712798 21708799; 21502642 21507151; 20144769 21000002
 21706894 21507122 21712227; 21505186 21705472; 20144769 21000002; 21712798 21708799; 21502642 21507151
 21706894 21507122 21712227; 21505186 21705472; 20144769 21000002; 21502642 21507151; 21712798 21708799
 21706894 21507122 21712227; 21505186 21705472; 20144769 21507151; 21712798 21000002; 21502642 21708799
 21706894 21507122 21712227; 21505186 21705472; 20144769 21507151; 21502642 21708799; 21712798 21000002
 21706894 21507122 21712227; 21505186 21705472; 21502642 21507151; 21712798 21708799; 20144769 21000002
 21706894 21507122 21712227; 21505186 21705472; 21502642 21507151; 20144769 21000002; 21712798 21708799
 21706894 21507122 21712227; 21505186 21705472; 21502642 21708799; 21712798 21000002; 20144769 21507151
 21706894 21507122 21712227; 21505186 21705472; 21502642 21708799; 20144769 21507151; 21712798 21000002
 21706894 21507122 21712227; 21712798 21000002; 21505186 21705472; 20144769 21507151; 21502642 21708799
 21706894 21507122 21712227; 21712798 21000002; 21505186 21705472; 21502642 21708799; 20144769 21507151
 21706894 21507122 21712227; 21712798 21000002; 20144769 21507151; 21505186 21705472; 21502642 21708799
 21706894 21507122 21712227; 21712798 21000002; 20144769 21507151; 21502642 21708799; 21505186 21705472
 21706894 21507122 21712227; 21712798 21000002; 21502642 21708799; 21505186 21705472; 20144769 21507151
 21706894 21507122 21712227; 21712798 21000002; 21502642 21708799; 20144769 21507151; 21505186 21705472
 21706894 21507122 21712227; 21712798 21708799; 21505186 21705472; 20144769 21000002; 21502642 21507151
 21706894 21507122 21712227; 21712798 21708799; 21505186 21705472; 21502642 21507151; 20144769 21000002
 21706894 21507122 21712227; 21712798 21708799; 20144769 21000002; 21505186 21705472; 21502642 21507151
 21706894 21507122 21712227; 21712798 21708799; 20144769 21000002; 21502642 21507151; 21505186 21705472
 21706894 21507122 21712227; 21712798 21708799; 21502642 21507151; 21505186 21705472; 20144769 21000002
 21706894 21507122 21712227; 21712798 21708799; 21502642 21507151; 20144769 21000002; 21505186 21705472
 21706894 21507122 21712227; 20144769 21000002; 21505186 21705472; 21712798 21708799; 21502642 21507151
 21706894 21507122 21712227; 20144769 21000002; 21505186 21705472; 21502642 21507151; 21712798 21708799
 21706894 21507122 21712227; 20144769 21000002; 21712798 21708799; 21505186 21705472; 21502642 21507151
 21706894 21507122 21712227; 20144769 21000002; 21712798 21708799; 21502642 21507151; 21505186 21705472
 21706894 21507122 21712227; 20144769 21000002; 21502642 21507151; 21505186 21705472; 21712798 21708799
 21706894 21507122 21712227; 20144769 21000002; 21502642 21507151; 21712798 21708799; 21505186 21705472
 21706894 21507122 21712227; 20144769 21507151; 21505186 21705472; 21712798 21000002; 21502642 21708799
 21706894 21507122 21712227; 20144769 21507151; 21505186 21705472; 21502642 21708799; 21712798 21000002
 21706894 21507122 21712227; 20144769 21507151; 21712798 21000002; 21505186 21705472; 21502642 21708799
 21706894 21507122 21712227; 20144769 21507151; 21712798 21000002; 21502642 21708799; 21505186 21705472
 21706894 21507122 21712227; 20144769 21507151; 21502642 21708799; 21505186 21705472; 21712798 21000002
 21706894 21507122 21712227; 20144769 21507151; 21502642 21708799; 21712798 21000002; 21505186 21705472
 21706894 21507122 21712227; 21502642 21507151; 21505186 21705472; 21712798 21708799; 20144769 21000002
 21706894 21507122 21712227; 21502642 21507151; 21505186 21705472; 20144769 21000002; 21712798 21708799
 21706894 21507122 21712227; 21502642 21507151; 21712798 21708799; 21505186 21705472; 20144769 21000002
 21706894 21507122 21712227; 21502642 21507151; 21712798 21708799; 20144769 21000002; 21505186 21705472
 21706894 21507122 21712227; 21502642 21507151; 20144769 21000002; 21505186 21705472; 21712798 21708799
 21706894 21507122 21712227; 21502642 21507151; 20144769 21000002; 21712798 21708799; 21505186 21705472
 21706894 21507122 21712227; 21502642 21708799; 21505186 21705472; 21712798 21000002; 20144769 21507151
 21706894 21507122 21712227; 21502642 21708799; 21505186 21705472; 20144769 21507151; 21712798 21000002
 21706894 21507122 21712227; 21502642 21708799; 21712798 21000002; 21505186 21705472; 20144769 21507151
 21706894 21507122 21712227; 21502642 21708799; 21712798 21000002; 20144769 21507151; 21505186 21705472
 21706894 21507122 21712227; 21502642 21708799; 20144769 21507151; 21505186 21705472; 21712798 21000002
 21706894 21507122 21712227; 21502642 21708799; 20144769 21507151; 21712798 21000002; 21505186 21705472
 21712798 21507122 21000002; 21706894 21712227; 21505186 21705472; 20144769 21507151; 21502642 21708799
 21712798 21507122 21000002; 21706894 21712227; 21505186 21705472; 21502642 21708799; 20144769 21507151
 21712798 21507122 21000002; 21706894 21712227; 20144769 21507151; 21505186 21705472; 21502642 21708799
 21712798 21507122 21000002; 21706894 21712227; 20144769 21507151; 21502642 21708799; 21505186 21705472
 21712798 21507122 21000002; 21706894 21712227; 21502642 21708799; 21505186 21705472; 20144769 21507151
 21712798 21507122 21000002; 21706894 21712227; 21502642 21708799; 20144769 21507151; 21505186 21705472
 21712798 21507122 21000002; 21505186 21705472; 21706894 21712227; 20144769 21507151; 21502642 21708799
 21712798 21507122 21000002; 21505186 21705472; 21706894 21712227; 21502642 21708799; 20144769 21507151
 21712798 21507122 21000002; 21505186 21705472; 20144769 21507151; 21706894 21712227; 21502642 21708799
 21712798 21507122 21000002; 21505186 21705472; 20144769 21507151; 21502642 21708799; 21706894 21712227
 21712798 21507122 21000002; 21505186 21705472; 21502642 21708799; 21706894 21712227; 20144769 21507151
 21712798 21507122 21000002; 21505186 21705472; 21502642 21708799; 20144769 21507151; 21706894 21712227
 21712798 21507122 21000002; 20144769 21507151; 21706894 21712227; 21505186 21705472; 21502642 21708799
 21712798 21507122 21000002; 20144769 21507151; 21706894 21712227; 21502642 21708799; 21505186 21705472
 21712798 21507122 21000002; 20144769 21507151; 21505186 21705472; 21706894 21712227; 21502642 21708799
 21712798 21507122 21000002; 20144769 21507151; 21505186 21705472; 21502642 21708799; 21706894 21712227
 21712798 21507122 21000002; 20144769 21507151; 21502642 21708799; 21706894 21712227; 21505186 21705472
 21712798 21507122 21000002; 20144769 21507151; 21502642 21708799; 21505186 21705472; 21706894 21712227
 21712798 21507122 21000002; 21502642 21708799; 21706894 21712227; 21505186 21705472; 20144769 21507151
 21712798 21507122 21000002; 21502642 21708799; 21706894 21712227; 20144769 21507151; 21505186 21705472
 21712798 21507122 21000002; 21502642 21708799; 21505186 21705472; 21706894 21712227; 20144769 21507151
 21712798 21507122 21000002; 21502642 21708799; 21505186 21705472; 20144769 21507151; 21706894 21712227
 21712798 21507122 21000002; 21502642 21708799; 20144769 21507151; 21706894 21712227; 21505186 21705472
 21712798 21507122 21000002; 21502642 21708799; 20144769 21507151; 21505186 21705472; 21706894 21712227
 20144769 21502642 21507151; 21706894 21712227; 21505186 21705472; 21712798 21708799; 21507122 21000002
 20144769 21502642 21507151; 21706894 21712227; 21505186 21705472; 21507122 21000002; 21712798 21708799
 20144769 21502642 21507151; 21706894 21712227; 21712798 21708799; 21505186 21705472; 21507122 21000002
 20144769 21502642 21507151; 21706894 21712227; 21712798 21708799; 21507122 21000002; 21505186 21705472
 20144769 21502642 21507151; 21706894 21712227; 21507122 21000002; 21505186 21705472; 21712798 21708799
 20144769 21502642 21507151; 21706894 21712227; 21507122 21000002; 21712798 21708799; 21505186 21705472
 20144769 21502642 21507151; 21505186 21705472; 21706894 21712227; 21712798 21708799; 21507122 21000002
 20144769 21502642 21507151; 21505186 21705472; 21706894 21712227; 21507122 21000002; 21712798 21708799
 20144769 21502642 21507151; 21505186 21705472; 21712798 21708799; 21706894 21712227; 21507122 21000002
 20144769 21502642 21507151; 21505186 21705472; 21712798 21708799; 21507122 21000002; 21706894 21712227
 20144769 21502642 21507151; 21505186 21705472; 21507122 21000002; 21706894 21712227; 21712798 21708799
 20144769 21502642 21507151; 21505186 21705472; 21507122 21000002; 21712798 21708799; 21706894 21712227
 20144769 21502642 21507151; 21712798 21708799; 21706894 21712227; 21505186 21705472; 21507122 21000002
 20144769 21502642 21507151; 21712798 21708799; 21706894 21712227; 21507122 21000002; 21505186 21705472
 20144769 21502642 21507151; 21712798 21708799; 21505186 21705472; 21706894 21712227; 21507122 21000002
 20144769 21502642 21507151; 21712798 21708799; 21505186 21705472; 21507122 21000002; 21706894 21712227
 20144769 21502642 21507151; 21712798 21708799; 21507122 21000002; 21706894 21712227; 21505186 21705472
 20144769 21502642 21507151; 21712798 21708799; 21507122 21000002; 21505186 21705472; 21706894 21712227
 20144769 21502642 21507151; 21507122 21000002; 21706894 21712227; 21505186 21705472; 21712798 21708799
 20144769 21502642 21507151; 21507122 21000002; 21706894 21712227; 21712798 21708799; 21505186 21705472
 20144769 21502642 21507151; 21507122 21000002; 21505186 21705472; 21706894 21712227; 21712798 21708799
 20144769 21502642 21507151; 21507122 21000002; 21505186 21705472; 21712798 21708799; 21706894 21712227
 20144769 21502642 21507151; 21507122 21000002; 21712798 21708799; 21706894 21712227; 21505186 21705472
 20144769 21502642 21507151; 21507122 21000002; 21712798 21708799; 21505186 21705472; 21706894 21712227
